id,video_file,title,description,status,youtube_url,created_at
1,python-type-function-001.mp4,Python type() Function Explained Identify Data Types Easily | Python Tips,"Stop guessing your data type in Python!
The type() function is the fastest way to instantly identify any object.
Whether you are dealing with integers, strings, or complex classes, this tool is essential for debugging.
In this video, we show you how to use it to inspect variables in real-time.
Perfect for beginners looking to master Python basics.
Subscribe to Sankalan Tech for more daily Python tips and coding tutorials!
#Python #Coding #ProgrammingTips #SankalanTech #LearnPython #Debugging",published,https://youtu.be/example_python-type-function-001.mp4,26-03-2026 17:52
2,python-self-documenting-print-002.mp4,Python Self Documenting Print Explained Debug Faster with f-Strings | Python Tips,"Tired of writing 'variable_name = ', variable in your print statements?
Python f-strings have a hidden feature: the self-documenting print!
By using f'{var=}', Python automatically prints the variable name AND its value.
This trick makes your debugging process significantly faster and your code much cleaner.
It is a must-know feature for any developer using Python 3.8 or higher.
Follow Sankalan Tech to level up your Python workflow today!
#Python #Debugging #CleanCode #SankalanTech #fstrings #PythonTricks",published,https://youtu.be/example_python-self-documenting-print-002.mp4,26-03-2026 17:53
3,python-text-control-characters-003.mp4,Python Control Characters Explained Format Text Output Easily | Python Strings,"Learn how to master text formatting in the Python console!
This tutorial covers essential control characters like \n for new lines, \t for tabs, and \b for backspaces.
Formatting your output is key to creating professional-looking scripts and tools.
We demonstrate practical examples of how these characters change your text display.
Simple, effective, and a core part of string manipulation in Python.
Stay tuned to Sankalan Tech for more string and text formatting hacks!
#Python #Strings #Coding #SankalanTech #TextFormatting #PythonBasics",uploaded-to-drive,,26-03-2026 17:53
4,python-input-split-004.mp4,Python input().split() Explained Take Multiple Inputs in One Line | Python Tips,"Taking multiple user inputs in Python doesn't have to be slow.
Learn how to use the input().split() method to capture multiple values in a single line.
This is an essential skill for competitive programming and data entry scripts.
We break down how to handle different delimiters and store results in lists.
Clean up your user interaction code and make your scripts more efficient.
Subscribe to Sankalan Tech for the best Python tips for beginners!
#Python #Input #Coding #SankalanTech #CompetitiveProgramming #PythonTips",uploaded-to-drive,,26-03-2026 17:53
5,python-binary-to-int-005.mp4,Python Convert Binary to Decimal Using int() Explained | Python Tricks,"Did you know the int() function can handle more than just standard numbers?
Learn how to easily convert binary strings into decimal integers using int(value, 2).
This is crucial for understanding how computers represent data at the bit level.
We show you the syntax and common use cases for base conversion in Python.
A quick and powerful trick for every programmer's toolkit.
Get more Python logic and math tips by following Sankalan Tech!
#Python #Binary #Programming #SankalanTech #ComputerScience #PythonLogic",uploaded-to-drive,,26-03-2026 17:57
6,python-print-separator-006.mp4,Python Print Separator Explained Customize Output with sep | Python Tips,"Go beyond basic printing by mastering the 'sep' parameter in Python's print() function.
By default, Python uses a space, but you can change it to commas, dashes, or even new lines!
This video explains how to customize your output formatting instantly without complex logic.
It's a simple change that makes your data presentation look much cleaner.
Perfect for formatting CSV-like outputs or custom console logs.
Learn more Python output tricks only at Sankalan Tech!
#Python #Output #Coding #SankalanTech #PythonFormatting #LearnToCode",uploaded-to-drive,,26-03-2026 17:58
7,python-print-end-007.mp4,Python Print End Parameter Explained Control Line Output | Python Tricks,"Stop Python from automatically starting a new line after every print statement!
The 'end' parameter allows you to control exactly what happens at the end of your output.
Whether you want to stay on the same line or use a custom character, this trick is key.
Great for building progress bars or horizontal data lists in the terminal.
We show you exactly how to implement it with practical coding examples.
Subscribe to Sankalan Tech for more professional Python shortcuts!
#Python #Coding #Programming #SankalanTech #TerminalTips #PythonTricks",uploaded-to-drive,,26-03-2026 17:58
8,python-binary-format-008.mp4,Python Binary Formatting Explained Display Numbers in Binary | Python Tips,"Understand how numbers look to a computer by using Python's binary formatting.
Learn how to use the format() function or f-strings to display integers as binary.
This is a core concept in Computer Science that every developer should understand.
We explore the different ways to represent data and how to pad binary strings.
Clear your concepts on bit manipulation and data representation today.
Join the Sankalan Tech community for more CS and Python insights!
#Python #Binary #CS #SankalanTech #ProgrammingLogic #Bitwise",uploaded-to-drive,,26-03-2026 17:58
9,python-infinity-number-009.mp4,Python Infinity Value Explained Using float('inf') | Python Tricks,"Did you know Python has a built-in way to represent positive and negative infinity?
Learn how to use float('inf') for algorithms, comparisons, and initializations.
This is extremely useful when finding minimum or maximum values in a large dataset.
We demonstrate how infinity behaves in mathematical operations and logic checks.
A clever trick that makes your algorithms cleaner and more robust.
Follow Sankalan Tech for advanced Python tips and data structures!
#Python #Algorithms #Coding #SankalanTech #PythonMath #DataStructures",uploaded-to-drive,,26-03-2026 17:58
10,python-truthiness-010.mp4,Python Truthiness Explained True vs False Values in Python | Python Logic,"Understand the concept of 'Truthiness' to write smarter conditions in Python.
Learn why empty lists, zeros, and None are considered 'Falsy' while other values are 'Truthy'.
Mastering this logic helps you write shorter, cleaner, and more Pythonic code.
We break down the rules of Boolean evaluation in conditional statements.
Essential knowledge for anyone looking to go beyond the basics of Python logic.
Build your programming foundation with help from Sankalan Tech!
#Python #Logic #Programming #SankalanTech #Boolean #CleanCode",uploaded-to-drive,,26-03-2026 17:59
11,python-id-function-011.mp4,Python id() Function Explained Check Object Memory Address | Python Tips,"Ever wondered where your variables actually live in your computer's memory?
The id() function provides the unique identity (memory address) of any object in Python.
This video explains how Python manages objects and why 'id' is important for understanding variable behavior.
Learn about object mutability and how variables point to different locations.
A deep dive into Python's internals made simple for everyone.
Stay curious and learn Python internals with Sankalan Tech!
#Python #Memory #Coding #SankalanTech #ComputerScience #PythonInternals",uploaded-to-drive,,26-03-2026 17:59
12,python-help-function-012.mp4,Python help() Function Explained Access Built in Documentation | Python Tips,"Stop wasting time searching the internet for every single Python function!
The built-in help() function gives you instant access to official documentation directly in your IDE.
Learn how to inspect modules, classes, and methods without leaving your code editor.
It's the ultimate tool for self-learners and professional developers alike.
We show you how to read docstrings and navigate help pages effectively.
Level up your self-learning skills with Sankalan Tech!
#Python #Learning #Coding #SankalanTech #Documentation #SelfTaught",uploaded-to-drive,,26-03-2026 17:59
13,python-pow-modular-013.mp4,Python pow() Function Explained Fast Modular Exponentiation | Python Math,"For large-scale calculations, the standard ** operator might be too slow.
Discover the power of the pow(x, y, z) function for fast modular exponentiation.
This method is significantly more efficient than calculating x**y % z separately.
Perfect for cryptography, competitive programming, and heavy mathematical logic.
We explain the performance benefits and show you how to use it in your code.
Master Python math and performance with Sankalan Tech!
#Python #Math #Programming #SankalanTech #Performance #ModularArithmetic",uploaded-to-drive,,26-03-2026 17:59
14,python-round-014.mp4,Python round() Function Explained Control Decimal Precision | Python Tips,"Accuracy is everything when working with floating-point numbers in Python.
Learn how to use the round() function to control decimal precision effectively.
We discuss how rounding works in finance, data science, and general formatting.
Understand the subtle differences in how Python handles .5 rounding cases.
Improve your data presentation and ensure your numbers are always formatted correctly.
Subscribe to Sankalan Tech for daily data and math tips in Python!
#Python #Numbers #Coding #SankalanTech #DataScience #PythonMath",uploaded-to-drive,,26-03-2026 18:00
15,python-abs-015.mp4,Python abs() Function Explained Get Absolute Value Easily | Python Basics,"Math operations often require positive values, and the abs() function is the easiest way to get them.
Learn how to convert negative integers and floats into their absolute values instantly.
This is a fundamental tool for distance calculations, difference checks, and data cleaning.
We demonstrate how it works with both simple numbers and complex objects.
A core Python basic that every beginner should have in their toolkit.
Master the basics of Python with the team at Sankalan Tech!
#Python #Math #Basics #SankalanTech #BeginnerCoding #PythonBasics",uploaded-to-drive,,26-03-2026 18:00
16,python-divmod-016.mp4,Python divmod() Explained Get Quotient and Remainder Together | Python Tips,"Stop performing division and modulo as two separate steps!
The divmod() function returns both the quotient and the remainder in a single tuple.
This trick makes your code cleaner, faster, and much more readable.
We show you practical examples, such as converting seconds into minutes and seconds.
It is an efficient way to handle mathematical logic in your Python projects.
Join Sankalan Tech to learn more high-efficiency Python shortcuts!
#Python #Math #Coding #SankalanTech #PythonTips #Efficiency",uploaded-to-drive,,26-03-2026 18:00
17,python-ascii-017.mp4,Python ascii() Function Explained Escape Special Characters | Python Strings,"Dealing with non-ASCII characters or emojis in your Python strings?
The ascii() function helps you safely represent special characters by escaping them.
This is incredibly useful for debugging character encoding issues and data serialization.
We explain how it transforms your strings and when you should use it in your projects.
Ensure your text data is always safe for transfer and storage.
Learn the secrets of Python strings by following Sankalan Tech!
#Python #Strings #Coding #SankalanTech #Encoding #Debugging",uploaded-to-drive,,26-03-2026 18:00
18,python-strip-input-018.mp4,Python strip() Method Explained Clean User Input Easily | Python Tips,"Messy user input can break your code with hidden spaces and tabs.
Learn how to use the strip() method to clean up strings and remove unwanted whitespace.
This is a critical step in data validation and building robust user-facing applications.
We show you how to use lstrip(), rstrip(), and the standard strip() for full control.
Keep your data clean and your logic bug-free with this simple string trick.
Follow Sankalan Tech for essential data cleaning and Python tips!
#Python #Validation #Coding #SankalanTech #DataCleaning #StringMethods",uploaded-to-drive,,26-03-2026 18:00
19,python-getsizeof-019.mp4,Python getsizeof() Explained Measure Memory Usage | Python Performance,"Performance matters! Learn how to measure exactly how much memory your Python objects use.
Using the sys.getsizeof() function, you can identify memory-heavy variables in your code.
This is a key step toward optimizing your applications and handling large datasets.
We compare the memory footprint of lists, tuples, and integers in real-time.
Take the first step toward becoming a Python performance expert.
Subscribe to Sankalan Tech for more optimization and advanced coding tips!
#Python #Performance #Coding #SankalanTech #Optimization #PythonAdvanced",uploaded-to-drive,,26-03-2026 18:01
20,python-complex-020.mp4,Python Complex Numbers Explained Work with Real and Imaginary Values | Python Math,"Python is one of the few languages with built-in support for complex numbers.
Learn how to use the complex() function to handle real and imaginary components effortlessly.
This is essential for scientific computing, engineering, and advanced physics simulations.
We demonstrate the syntax and show you how to perform math with 'j' notation.
Unlock the scientific power of Python for your next big project.
Discover the mathematical side of Python with Sankalan Tech!
#Python #Math #Programming #SankalanTech #ScientificComputing #Engineering",uploaded-to-drive,,26-03-2026 18:01
21,21_Python_Concatenation_Plus.mp4,Python Plus Operator Explained Concatenate Strings and Lists | Python Tips,"Combine data effortlessly using the plus (+) operator in Python.
Learn how to concatenate strings to build messages and merge lists to expand datasets.
This simple operator is the backbone of building dynamic content in your code.
We discuss the rules of concatenation and how to avoid common type errors.
Essential knowledge for beginners working with sequences and strings.
Boost your coding speed with more daily tips from Sankalan Tech!
#Python #Coding #Programming #SankalanTech #LearnCode #PythonBasics",none,,19-03-2026 12:25
22,22_Python_Repeating_Data.mp4,Python Star Operator Explained Repeat Strings and Lists | Python Tricks,"Want to repeat data without using a loop? The star (*) operator is your best friend!
Learn how to use it to duplicate strings for text patterns or multiply list elements instantly.
It is a powerful shortcut for creating dummy data or formatting terminal separators.
We show you creative ways to use this trick to save lines of code.
Clean, efficient, and very Pythonic—master it in under a minute.
Follow Sankalan Tech for more creative Python shortcuts!
#Python #Coding #Tips #SankalanTech #PythonTricks #Programming",none,,19-03-2026 12:25
23,23_Python_Division_Difference.mp4,Python Division vs Floor Division Explained Difference Between / and // | Python Math,"Do you know the difference between standard division (/) and floor division (//)?
One gives you a floating-point result, while the other rounds down to the nearest integer.
Understanding this distinction is vital for math logic, loops, and index calculations.
We provide clear examples to show you exactly how each operator behaves.
Never get confused by division results in Python ever again.
Master Python mathematics and logic with help from Sankalan Tech!
#Python #Math #Logic #SankalanTech #PythonMath #LearnToCode",none,,19-03-2026 12:25
24,24_Python_Modulo_Even_Odd.mp4,Python Modulo Operator Explained Check Even or Odd Numbers | Python Logic,"The modulo operator (%) is a secret weapon for logic building in Python.
Learn how to use it to find remainders and determine if a number is even or odd.
It is an essential tool for creating loops that trigger every 'n' times in your code.
We show you practical applications in conditional statements and cycles.
A fundamental concept for every programmer from games to data science.
Build better logic today with daily insights from Sankalan Tech!
#Python #Logic #Coding #SankalanTech #ProgrammingBasics #PythonLogic",none,,19-03-2026 12:25
25,25_Python_Power_Operator.mp4,Python Power Operator Explained Use Double Star for Exponents | Python Math,"Calculating exponents in Python is incredibly easy with the double star (**) operator.
Learn how to raise numbers to any power without needing a math library.
This operator is clean, readable, and faster than using standard functions for simple math.
We show you how to handle squares, cubes, and even negative exponents.
A basic yet powerful feature for anyone doing math or science in Python.
Subscribe to Sankalan Tech for more quick and easy Python math tips!
#Python #Math #Coding #SankalanTech #Exponents #PythonBasics",none,,19-03-2026 12:25
26,26_Python_Augmented_Assignment.mp4,Python Augmented Assignment Explained Use += and -= Efficiently | Python Tips,"Write cleaner and shorter code by mastering augmented assignment operators.
Learn how to use +=, -=, *= and others to update variable values in place.
These operators make your code more readable and reduce the risk of typos.
We demonstrate how they work in loops and counters for maximum efficiency.
It is a small change that makes you look like a pro Python developer.
Improve your coding style every day with Sankalan Tech!
#Python #Coding #SankalanTech #CleanCode #ProgrammingTips #LearnPython",none,,19-03-2026 12:25
27,27_Python_Power_Update.mp4,Python Power Assignment Explained Use **= Operator | Python Tricks,"Update your variables with exponentiation in a single step using the **= operator.
This augmented assignment shortcut is perfect for mathematical formulas and logic.
It keeps your code compact and easy to follow by avoiding redundant variable names.
We show you how to use it correctly in your scripts and math operations.
A powerful trick for developers dealing with calculations and scaling.
Stay ahead of the curve with more Python tricks from Sankalan Tech!
#Python #Math #Coding #SankalanTech #PythonTricks #EfficientCoding",none,,19-03-2026 12:25
28,28_Python_Last_Result_REPL.mp4,Python Underscore Variable Explained Access Last Result in REPL | Python Tips,"Are you using the Python interactive shell (REPL)? Then you need the underscore (_) trick!
The underscore variable stores the result of your last calculation automatically.
It's a huge time-saver when you are testing formulas or debugging logic on the fly.
We show you how to use it to continue a chain of calculations without retyping.
A professional secret for anyone who spends time in the Python terminal.
Learn faster debugging and testing with Sankalan Tech!
#Python #Debugging #SankalanTech #REPL #PythonTips #TerminalTricks",none,,19-03-2026 12:25
29,29_Python_Underscore_Numbers.mp4,Python Underscore in Numbers Explained Improve Readability | Python Tips,"Large numbers like 100000000 are hard to read and easy to mistype.
Python allows you to use underscores as visual separators, making it 100_000_000!
The best part? Python ignores the underscores, so the value remains the same.
This simple clean-code trick prevents bugs and makes your code look professional.
We show you how to use it for integers, floats, and binary numbers.
Write readable, high-quality code with advice from Sankalan Tech!
#Python #CleanCode #SankalanTech #ProgrammingTips #PythonDev #CodingBestPractices",none,,19-03-2026 12:25
30,30_Python_Swap_Variables.mp4,Python Swap Variables Explained Without Temporary Variable | Python Tricks,"Swapping two variables usually requires a 'temp' variable, but not in Python!
Learn the elegant way to swap values using the a, b = b, a syntax.
This is one of the most famous 'Pythonic' ways to write clean and efficient code.
We explain how this works under the hood using tuple unpacking.
It's cleaner, faster, and much easier to read than traditional methods.
Subscribe to Sankalan Tech for more beautiful and efficient Python code!
#Python #Coding #Logic #SankalanTech #Pythonic #CleanCode",none,,19-03-2026 12:25
31,31_Python_Chained_Assignment.mp4,Python Chained Assignment Explained Assign Multiple Variables | Python Tips,"Assign the same value to multiple variables at once using chained assignment.
Instead of writing three lines, you can just write x = y = z = 100!
This trick is perfect for initializing flags, counters, or default settings in your code.
We discuss the benefits and also warning signs when using it with mutable objects.
Keep your initialization blocks clean and easy to manage.
Follow Sankalan Tech for daily tips on writing better Python code!
#Python #Coding #SankalanTech #CleanCode #PythonTips #BeginnerProgrammer",none,,19-03-2026 12:25
32,32_Python_Star_Unpacking.mp4,Python Star Unpacking Explained Flexible List Unpacking | Python Advanced,"Take your list unpacking skills to the next level with the star (*) operator.
Learn how to capture multiple elements from a list into a single variable.
This is an incredibly flexible way to handle data where the length might vary.
We show you how to get the first, last, and 'everything in between' with ease.
An advanced but simple-to-learn feature that makes data processing a breeze.
Level up your Python skills with advanced tips from Sankalan Tech!
#Python #Advanced #SankalanTech #PythonAdvanced #DataProcessing #Unpacking",none,,19-03-2026 12:25
33,33_Python_Boolean_Math.mp4,Python Boolean Math Explained True Equals 1 and False Equals 0 | Python Tricks,"Did you know that in Python, True is actually 1 and False is 0?
This allows you to perform mathematical operations directly on Boolean values!
Learn how to count occurrences or simplify conditional logic using this trick.
We show you practical examples of how Boolean math can save you lines of code.
A deep look into how Python handles data types and logical values.
Get smarter with your code by following the Sankalan Tech channel!
#Python #Logic #Math #SankalanTech #CodingTricks #PythonLogic",none,,19-03-2026 12:25
34,34_Python_Walrus_Operator.mp4,Python Walrus Operator Explained Assign Values Inside Expressions | Python Tips,"The Walrus Operator (:=) is one of the coolest additions to modern Python.
Learn how to assign a value to a variable while using it inside an expression or loop.
This makes your code more compact and avoids redundant function calls.
We demonstrate its use in 'while' loops and 'if' statements for cleaner logic.
A must-know feature for anyone using Python 3.8 or newer.
Master modern Python features every day with Sankalan Tech!
#Python #Coding #SankalanTech #WalrusOperator #ModernPython #CleanCode",none,,19-03-2026 12:25
35,35_Python_Sum_Start.mp4,Python sum() Start Parameter Explained Add Initial Value | Python Tips,"Most people use the sum() function simply, but it has a hidden 'start' parameter!
Learn how to include an initial value in your sum without adding it manually.
This is perfect for adding a base value to a list of numbers in one step.
We show you the syntax and common use cases to improve your math logic.
Clean up your calculations with this efficient Python shortcut.
Follow Sankalan Tech for more mathematical and performance tips!
#Python #Math #SankalanTech #PythonTips #CodingEfficiency #MathTips",none,,19-03-2026 12:25
36,36_Python_Max_Function.mp4,Python max() Function Explained Find Maximum Value Easily | Python Basics,"Finding the largest number in a list or group of values is a one-line task in Python.
Learn how to use the max() function to identify the highest value instantly.
We also show you how to use it with strings and custom keys for advanced sorting.
It is an essential tool for data analysis and algorithm development.
Simple to use but incredibly powerful for everyday coding tasks.
Master the basics and beyond with the team at Sankalan Tech!
#Python #Coding #SankalanTech #DataAnalysis #PythonBasics #LearnCoding",none,,19-03-2026 12:25
37,37_Python_Min_Function.mp4,Python min() Function Explained Find Minimum Value Easily | Python Basics,"Identifying the smallest value in your data is effortless with the min() function.
Whether you are working with lists, tuples, or raw arguments, min() gets it done.
We explain how it handles different data types and how to use custom comparison logic.
A core basic for anyone starting their journey in Python programming.
Improve your scripts and data processing logic with this simple tool.
Subscribe to Sankalan Tech for more fundamental Python tutorials!
#Python #Coding #SankalanTech #ProgrammingBasics #PythonMin #LearnPython",none,,19-03-2026 12:25
38,38_Python_Int_Conversion.mp4,Python int() Function Explained Convert to Integer Easily | Python Tips,"User inputs and data from files often come in as strings, but you need them as numbers.
Learn how to use the int() function to convert strings and floats into integers.
We also discuss how to handle errors when the conversion isn't possible.
This is a critical skill for data cleaning and mathematical processing.
Mastering type conversion is the first step toward building robust apps.
Learn the essentials of Python every day at Sankalan Tech!
#Python #Coding #SankalanTech #DataCleaning #PythonTips #TypeConversion",none,,19-03-2026 12:25
39,39_Python_Float_Conversion.mp4,Python float() Function Explained Convert to Decimal Numbers | Python Tips,"Decimal precision is key for scientific and financial applications in Python.
Learn how to use the float() function to convert integers and strings into decimals.
We cover everything from basic syntax to handling special values like 'inf' and 'nan'.
Essential for anyone working with math, physics, or data science.
Convert your data types safely and effectively with our easy guide.
Stay tuned to Sankalan Tech for more data science and math insights!
#Python #Coding #SankalanTech #DataScience #PythonFloat #MathProgramming",none,,19-03-2026 12:25
40,40_Python_String_Conversion.mp4,Python str() Function Explained Convert Data to String | Python Tips,"In Python, you often need to combine numbers and text for output formatting.
Learn how to use the str() function to convert any data type into a string format.
This is vital for printing messages, logging data, and building user interfaces.
We show you how to transform lists, dictionaries, and numbers into readable text.
Mastering string conversion is a core skill for every Python developer.
Learn string manipulation and more with Sankalan Tech!
#Python #Strings #SankalanTech #PythonTips #ProgrammingBasics #CodeFormat",none,,19-03-2026 12:25
41,41_Python_Equality_vs_Identity.mp4,Python Equality vs Identity Explained Difference Between == and is | Python Tips,"Don't fall into the trap of using == and 'is' interchangeably!
This video explains the critical difference between Equality and Identity in Python.
Learn why == checks if values are the same, while 'is' checks if memory addresses match.
Understanding this avoids hidden bugs that can ruin your logic.
A professional-level concept that every Python developer must master.
Avoid common coding mistakes with help from Sankalan Tech!
#Python #Debugging #SankalanTech #PythonLogic #CodingMistakes #CleanCode",none,,19-03-2026 12:25
42,42_Python_Not_Equal.mp4,Python Not Equal Operator Explained Use != in Conditions | Python Logic,"Checking when things are NOT the same is just as important as checking equality.
Learn how to use the != operator to build inequality conditions in your logic.
This operator is used in almost every conditional statement for filtering data.
We demonstrate practical examples of using != in 'if' statements and 'while' loops.
Simple to learn but a powerhouse for building decision-making programs.
Improve your logic and programming skills with Sankalan Tech!
#Python #Logic #SankalanTech #PythonBasics #LearnCoding #ProgrammingLogic",none,,19-03-2026 12:25
43,43_Python_Chained_Comparison.mp4,Python Chained Comparison Explained Write Cleaner Conditions | Python Tips,"Stop writing long 'if x > 1 and x < 10' statements!
Python allows you to chain comparisons together like 1 < x < 10 for maximum readability.
This trick makes your mathematical logic look cleaner and more professional.
We show you how to implement it correctly and how it improves your code quality.
It's one of those small features that makes Python such a great language.
Write more readable and elegant code with Sankalan Tech!
#Python #CleanCode #SankalanTech #Pythonic #ProgrammingTips #CodingStyle",none,,19-03-2026 12:25
44,44_Python_Logical_AND.mp4,Python Logical AND Explained Combine Multiple Conditions | Python Logic,"Learn how to handle complex decisions using the logical 'and' operator.
This video shows you how to ensure multiple conditions are true before running code.
It is the foundation of building robust security checks and data filters.
We break down the truth tables and show you real-world examples in Python.
A must-know for anyone building logic-heavy applications or games.
Master conditional logic and more with the Sankalan Tech community!
#Python #Logic #SankalanTech #ProgrammingBasics #PythonAND #CodingLogic",none,,19-03-2026 12:25
45,45_Python_Logical_OR.mp4,Python Logical OR Explained Check Any Condition True | Python Tips,"Give your programs flexibility using the logical 'or' operator in Python.
Learn how to trigger actions when at least one condition out of many is met.
This is perfect for handling multiple user options or flexible data validation.
We show you how 'or' behaves and how to combine it with other logical operators.
A core concept for every developer starting their Python journey.
Follow Sankalan Tech for daily tips on building smarter programs!
#Python #Logic #SankalanTech #PythonOR #CodingTips #LearnProgramming",none,,19-03-2026 12:25
46,46_Python_Not_Operator.mp4,Python NOT Operator Explained Invert Boolean Values | Python Tips,"Inverting conditions is a powerful way to write cleaner and more logical code.
Learn how the 'not' operator works to flip True to False and vice versa instantly.
This is incredibly useful for checking if a list is empty or a flag is inactive.
We show you how to use it to simplify complex 'if' statements.
Mastering the 'not' operator helps you think more like a programmer.
Level up your logic skills with insights from Sankalan Tech!
#Python #Logic #SankalanTech #PythonTips #BooleanLogic #CleanCoding",none,,19-03-2026 12:25
47,47_Python_In_Operator.mp4,Python In Operator Explained Check Membership in Collections | Python Tips,"The 'in' operator is the easiest way to check if a value exists inside a collection.
Learn how to use it to search for characters in strings or items in lists instantly.
It is much faster and cleaner than writing manual loops for searching.
We demonstrate its power in membership testing for all Python data types.
A key trick for data processing, validation, and user input handling.
Subscribe to Sankalan Tech for more efficient Python searching hacks!
#Python #Coding #SankalanTech #PythonTips #DataSearch #ProgrammingBasics",none,,19-03-2026 12:25
48,48_Python_Not_In.mp4,Python Not In Operator Explained Check Absence in Collections | Python Tips,"Sometimes you need to verify that a value is NOT present in your data.
Learn how to use the 'not in' operator for easy exclusion and validation logic.
This makes your code very readable—it's almost like writing in plain English!
We show you how to use it for blacklisting values or checking for missing data.
A clean and professional way to handle absence checks in your Python scripts.
Follow Sankalan Tech for more tips on writing readable and clean code!
#Python #Logic #SankalanTech #PythonTips #DataValidation #CleanCode",none,,19-03-2026 12:25
49,49_Python_Is_None.mp4,Python is None Explained Proper Way to Check Null Values | Python Tips,"In Python, checking for null values should be done professionally using 'is None'.
Learn why 'is None' is safer and faster than using '== None' for identity checks.
This is a standard best practice used by professional Python developers worldwide.
We explain the internal difference and how it avoids bugs with custom objects.
Start writing professional-grade Python code today with this one tip.
Learn all about best practices and clean code with Sankalan Tech!
#Python #BestPractices #SankalanTech #CleanCode #PythonTips #Debugging",none,,19-03-2026 12:25
50,50_Python_Is_Not_None.mp4,Python is not None Explained Validate Data Safely | Python Tips,"Always ensure your variables contain valid data before you start processing them!
The 'is not None' check is the gold standard for data validation in Python.
Learn how to use this identity check to avoid 'AttributeError' and other common crashes.
This is an essential safety check for functions that might return empty results.
Write more robust and reliable programs by following this simple rule.
Master data safety and error prevention with Sankalan Tech!
#Python #Coding #SankalanTech #DataValidation #PythonTips #ErrorPrevention",none,,19-03-2026 12:25
51,python-bitwise-and-051.mp4,Python Bitwise AND (&) Explained Compare Bits Like a Pro | Python Tips,"Go beyond standard math and learn how to compare binary bits directly.
The Bitwise AND (&) operator is used for low-level flag management and optimization.
Learn how Python compares each bit of two numbers to produce a new result.
We break down the binary logic with easy-to-follow visual examples.
Great for anyone interested in system-level programming or performance.
Improve your low-level coding knowledge with Sankalan Tech!
#Python #Coding #ProgrammingTips #SankalanTech #Bitwise #BinaryLogic",none,,19-03-2026 12:25
52,python-bitwise-or-052.mp4,Python Bitwise OR (|) Explained Combine Bits Efficiently | Python Tips,"The Bitwise OR (|) operator is perfect for merging permissions and binary flags.
Learn how it combines bits to create a union of two numerical values.
This is a core skill for handling settings and complex configurations in Python.
We explain the bit-by-bit comparison process in simple terms.
Unlock the power of bit manipulation for your advanced Python projects.
Subscribe to Sankalan Tech for more bitwise and system-level tips!
#Python #Coding #Binary #SankalanTech #BitwiseOR #AdvancedCoding",none,,19-03-2026 12:25
53,python-bitwise-xor-053.mp4,Python Bitwise XOR (^) Explained Find Differences Easily | Python Tips,"The XOR (^) operator is a fascinating tool for finding differences between bits.
Learn how it returns 1 only when bits are different and 0 when they are the same.
This operator is widely used in encryption, toggling values, and logical puzzles.
We provide clear examples to show you exactly how XOR works in Python.
Build your logic foundation by mastering this unique bitwise operator.
Follow Sankalan Tech for more logical and mathematical Python hacks!
#Python #Logic #Programming #SankalanTech #BitwiseXOR #EncryptionBasics",none,,19-03-2026 12:25
54,python-bitwise-not-054.mp4,Python Bitwise NOT (~) Explained Flip Bits Instantly | Python Tips,"Understand the mysterious Bitwise NOT (~) operator and how it flips bits.
We explain how Python handles negative numbers using 2's complement internally.
Learn why ~x results in -(x+1) and see the logic in action with code samples.
This is essential for understanding how Python interacts with memory at a low level.
Demystify complex binary operations and become a better programmer.
Learn the deep secrets of Python with the team at Sankalan Tech!
#Python #Binary #Coding #SankalanTech #BitwiseNOT #LearnToCode",none,,19-03-2026 12:25
55,python-left-shift-055.mp4,Python Left Shift (<<) Explained Fast Multiplication Trick | Python Tips,"Looking for an ultra-fast way to multiply numbers by powers of two?
The Left Shift (<<) operator moves bits to the left, acting as a high-speed multiplier.
Learn the science behind shifting and why it is used in performance-critical code.
We demonstrate the transformation of numbers into their shifted counterparts.
A great performance optimization trick for advanced Python developers.
Subscribe to Sankalan Tech for more performance and optimization tips!
#Python #Optimization #Coding #SankalanTech #BitShifting #Performance",none,,19-03-2026 12:25
56,python-right-shift-056.mp4,Python Right Shift (>>) Explained Fast Division Trick | Python Tips,"Dividing numbers by powers of two is incredibly fast using the Right Shift (>>) operator.
Learn how bit shifting can replace standard division in performance-sensitive logic.
This video explains how the operator discards bits to effectively halve a number.
Essential knowledge for anyone working on graphics, drivers, or high-speed data.
Discover the power of bit-level operations in modern Python programming.
Get more high-speed coding tips every day from Sankalan Tech!
#Python #Performance #Coding #SankalanTech #BitShifting #PythonTips",none,,19-03-2026 12:25
57,python-xor-logic-057.mp4,Python XOR Logic Explained Solve Conditions Smartly | Python Tips,"Learn the professional way to handle 'exclusive or' logic in your Python programs.
XOR ensures that only one of two conditions is true—never both.
This is a frequent requirement in coding interviews and complex decision trees.
We show you how to implement XOR logic using standard Python operators.
Improve your conditional logic and solve problems more effectively.
Boost your logic-building skills with daily tips from Sankalan Tech!
#Python #Logic #Coding #SankalanTech #XOR #ProgrammingLogic",none,,19-03-2026 12:25
58,python-all-function-058.mp4,Python all() Function Explained Check All Values Easily | Python Tips,"Stop writing long chains of 'and' conditions in your loops and filters!
The all() function allows you to check if every element in a list meets a criteria.
It returns True only if everything is True, making your code incredibly clean.
We show you how to use it with list comprehensions for powerful data checks.
A professional trick for writing readable and efficient Python code.
Stay sharp with more clean-code secrets from Sankalan Tech!
#Python #CleanCode #Programming #SankalanTech #PythonAll #LogicHacks",none,,19-03-2026 12:25
59,python-any-function-059.mp4,Python any() Function Explained Check Conditions Fast | Python Tips,"Need to know if at least one item in a collection meets a condition?
The any() function is the fastest and most readable way to perform this check.
Learn how to replace complex loops and flags with this simple, built-in function.
It's perfect for validation, searching, and conditional triggers in your apps.
We demonstrate its use in real-world scenarios to save you time and code.
Follow Sankalan Tech for more daily Python productivity tips!
#Python #Logic #Coding #SankalanTech #PythonAny #ProgrammingTips",none,,19-03-2026 12:25
60,python-de-morgan-law-060.mp4,Python De Morgan Law Explained Simplify Conditions Easily | Python Tips,"Simplify your messy 'if' statements using the power of De Morgan's Law.
This mathematical rule helps you invert and reorganize complex logical conditions.
Learn how to make your code more readable by breaking down nested 'not', 'and', and 'or'.
We provide a step-by-step guide to transforming hard-to-read logic into clean code.
Essential for anyone writing large-scale applications with deep logic.
Improve your logic and code quality with Sankalan Tech!
#Python #Logic #CleanCode #SankalanTech #DeMorgan #ProgrammingLogic",none,,19-03-2026 12:25
61,python-pass-keyword-061.mp4,Python pass Keyword Explained Avoid Empty Block Errors | Python Tips,"Python does not allow empty code blocks, which can lead to frustrating syntax errors.
Learn how the 'pass' keyword acts as a placeholder while you build your logic.
It tells Python to 'do nothing' and keep the program running smoothly.
Perfect for defining empty functions, classes, or loops that you plan to fill later.
Understand the difference between 'pass' and 'continue' in this quick guide.
Build your Python foundation stronger with Sankalan Tech!
#Python #Basics #Coding #SankalanTech #PythonPass #BeginnerTips",none,,19-03-2026 12:25
62,python-break-loop-062.mp4,Python break Statement Explained Stop Loops Instantly | Python Tips,"Sometimes you need to exit a loop before it finishes all its iterations.
Learn how to use the 'break' statement to stop loops the moment a condition is met.
This saves your program time and improves overall performance by avoiding extra work.
We show you how to use 'break' in for-loops and while-loops effectively.
A fundamental tool for searching and controlling the flow of your programs.
Learn to write more efficient loops with help from Sankalan Tech!
#Python #Loops #Coding #SankalanTech #PythonBreak #ProgrammingFlow",none,,19-03-2026 12:25
63,python-continue-loop-063.mp4,Python continue Statement Explained Skip Iterations Easily | Python Tips,"Want to skip specific items in a loop without stopping the whole process?
The 'continue' statement is the perfect way to move directly to the next iteration.
Learn how to use it for data filtering and skipping over errors while looping.
This trick keeps your loop logic clean and easy to follow.
We provide clear coding examples of 'continue' versus 'break' for clarity.
Master the art of loop control with the experts at Sankalan Tech!
#Python #Loops #Programming #SankalanTech #PythonContinue #CleanCode",none,,19-03-2026 12:25
64,python-global-keyword-064.mp4,Python global Keyword Explained Modify Global Variables | Python Tips,"Understand how variable scope works in Python by mastering the 'global' keyword.
Learn how to access and modify variables that live outside of your functions.
While it should be used carefully, 'global' is vital for managing state in simple scripts.
We explain the risks and best practices for using global variables safely.
Get a clear picture of how Python manages namespaces and scopes.
Take your coding skills to the next level with Sankalan Tech!
#Python #Advanced #Coding #SankalanTech #PythonGlobal #ScopeManagement",none,,19-03-2026 12:25
65,python-nonlocal-keyword-065.mp4,Python nonlocal Keyword Explained Access Outer Scope Variables | Python Tips,"Take a deep dive into nested functions and the 'nonlocal' keyword in Python.
Learn how to modify variables in an outer (but not global) scope.
This is a critical concept for creating closures and managing state in advanced apps.
We show you exactly when and where to use 'nonlocal' over 'global'.
A professional-level tip for developers building complex logic and decorators.
Expand your Python knowledge with advanced tips from Sankalan Tech!
#Python #AdvancedPython #Coding #SankalanTech #Nonlocal #Closure",none,,19-03-2026 12:25
66,python-none-value-066.mp4,Python None Explained Handle Empty Values Correctly | Python Tips,"None is more than just 'nothing' in Python; it is a unique data type!
Learn how to use 'None' to represent empty values, missing data, or default states.
This video explains the importance of initializing variables correctly to avoid bugs.
We show you how to check for None safely in your conditions and functions.
A fundamental part of writing clean and professional Python code.
Start your journey with strong basics from Sankalan Tech!
#Python #Basics #Coding #SankalanTech #PythonNone #BugFreeCode",none,,19-03-2026 12:25
67,python-true-false-067.mp4,Python True False Explained Control Your Program Flow | Python Tips,"Everything in programming starts with a simple choice: True or False.
Learn how Boolean values form the foundation of decision-making in your Python code.
We explore how these values interact with operators and drive the flow of loops.
Understand the core logic that powers every software, from games to web apps.
Mastering Booleans is the first step toward becoming a logic-driven developer.
Follow Sankalan Tech for daily insights into programming logic!
#Python #Logic #Coding #SankalanTech #BooleanValues #LearnProgramming",none,,19-03-2026 12:25
68,python-if-elif-else-068.mp4,Python if elif else Explained Build Smart Decisions | Python Tips,"Master the art of decision-making in Python using if, elif, and else statements.
Learn how to guide your program through multiple branches based on user input or data.
We show you how to structure these conditions for clarity and speed.
This is one of the most important skills for building interactive and smart apps.
Clear, concise examples make learning this core concept a breeze.
Build smarter applications today with the help of Sankalan Tech!
#Python #Programming #Coding #SankalanTech #IfElse #DecisionMaking",none,,19-03-2026 12:25
69,python-yield-generator-069.mp4,Python yield Explained Create Generators Efficiently | Python Tips,"Stop crashing your computer with large datasets by using the 'yield' keyword!
Learn how to create generators that process data one piece at a time to save memory.
This is a high-performance technique used by professional data engineers and devs.
We show you how 'yield' differs from 'return' and how it keeps your functions alive.
Level up your performance and memory management skills in Python.
Discover the power of generators with the experts at Sankalan Tech!
#Python #Generators #Coding #SankalanTech #HighPerformance #MemoryOptimization",none,,19-03-2026 12:25
70,python-return-function-070.mp4,Python return Statement Explained Send Values Back | Python Tips,"Functions are the building blocks of code, and 'return' is how they send back results.
Learn how to use the return statement to create modular and reusable Python functions.
We explain how to return single values, multiple values, and even other functions!
This concept is essential for writing clean, structured, and professional software.
See the difference between printing a value and returning a value for logic use.
Master Python functions and modularity with Sankalan Tech!
#Python #Functions #Coding #SankalanTech #CleanCode #PythonReturn",none,,19-03-2026 12:25
71,python-assert-debug-071.mp4,Python assert Explained Catch Errors Early | Python Tips,"Catch bugs before they become a nightmare using the 'assert' statement in Python.
Learn how to validate assumptions in your code and stop execution if something is wrong.
This is a powerful tool for debugging and ensuring your functions receive correct data.
We show you how to use assertions during development to build more reliable apps.
Understand the difference between error handling and diagnostic assertions.
Improve your debugging skills every day with help from Sankalan Tech!
#Python #Debugging #Coding #SankalanTech #ErrorCatching #ProTips",none,,19-03-2026 12:25
72,python-with-context-072.mp4,Python with Statement Explained Manage Resources Safely | Python Tips,"Never worry about closing files or leaking resources again!
The 'with' statement is the safest way to manage resources like files and database connections.
Learn how it handles opening and closing automatically, even if an error occurs.
This is a key best practice for writing clean and professional Python code.
We demonstrate its power in file handling and resource management.
Join Sankalan Tech to learn more best practices for writing safe code!
#Python #BestPractices #Coding #SankalanTech #ContextManager #CleanCode",none,,19-03-2026 12:25
73,python-import-module-073.mp4,Python import Explained Use Powerful Libraries Easily | Python Tips,"Unlock the full potential of Python by learning how to import external modules.
This video explains how to use libraries like math, os, and random to build faster.
Learn how to organize your own code into modules and import them across projects.
Essential knowledge for building anything from small tools to large applications.
We break down the different ways to structure your imports for better readability.
Expand your horizons by mastering Python imports with Sankalan Tech!
#Python #Libraries #Coding #SankalanTech #PythonModules #LearnProgramming",none,,19-03-2026 12:25
74,python-from-import-074.mp4,Python from import Explained Write Cleaner Code | Python Tips,"Keep your code lean and clean by importing only what you actually need.
Learn the 'from...import' syntax to call specific functions directly without module prefixes.
This trick makes your code shorter and much more readable for other developers.
We compare standard imports with direct imports so you can choose the best style.
A simple change that makes your Python scripts look much more professional.
Learn the secrets of writing clean code with the team at Sankalan Tech!
#Python #Coding #CleanCode #SankalanTech #PythonEfficiency #ProCoding",none,,19-03-2026 12:25
75,python-as-alias-075.mp4,Python as Keyword Explained Create Short Aliases | Python Tips,"Tired of typing long module names like 'matplotlib' or 'pandas' over and over?
Learn how to use the 'as' keyword to create short, professional aliases for your libraries.
This is a standard practice in Data Science and professional software engineering.
We show you common aliases like 'import numpy as np' and why they are used.
Save time and keystrokes while keeping your code organized.
Master professional Python conventions today with Sankalan Tech!
#Python #ProTips #Coding #SankalanTech #PythonAlias #Efficiency",none,,19-03-2026 12:25
76,python-lambda-function-076.mp4,Python lambda Function Explained Write One Line Functions | Python Tips,"Write small, powerful functions on the fly using Python's 'lambda' syntax.
Learn how to create anonymous, one-line functions for quick data transformations.
This is a key feature for functional programming and sorting complex data.
We demonstrate how to use lambda with map, filter, and sorted for maximum effect.
It is an advanced-looking tool that is actually very easy to master.
Level up your functional programming skills with Sankalan Tech!
#Python #Functions #Coding #SankalanTech #LambdaFunctions #ProCoding",none,,19-03-2026 12:25
77,python-try-except-077.mp4,Python try except Explained Handle Errors Gracefully | Python Tips,"Don't let your program crash when something goes wrong!
Learn how to use 'try' and 'except' to catch errors and handle them gracefully.
This is the secret to building robust, user-friendly applications that don't quit unexpectedly.
We show you how to catch specific exceptions and provide helpful feedback to users.
A critical skill for any developer looking to build production-ready software.
Build robust and error-free programs with guidance from Sankalan Tech!
#Python #ErrorHandling #Coding #SankalanTech #RobustCode #LearnPython",none,,19-03-2026 12:25
78,python-finally-block-078.mp4,Python finally Explained Always Execute Important Code | Python Tips,"Ensure your cleanup code always runs, no matter what happens in your program!
The 'finally' block is essential for closing files, releasing memory, or ending connections.
Learn how it works alongside try/except to provide a safety net for your logic.
This is a professional-level best practice for resource management in Python.
We show you real-world examples of 'finally' in action to prevent data leaks.
Master resource management and safe coding with Sankalan Tech!
#Python #Coding #BestPractices #SankalanTech #ErrorHandling #DataSafety",none,,19-03-2026 12:25
79,python-try-else-079.mp4,Python try else Explained Run Code After Success | Python Tips,"Did you know you can use an 'else' block with your 'try...except' logic?
The 'else' block runs only if no errors were encountered during the 'try' phase.
This makes your error-handling code much cleaner and easier to read.
We explain how to structure your logic to separate error handling from main tasks.
Improve the structure and flow of your Python applications with this tip.
Follow Sankalan Tech for more tips on writing structured and clean code!
#Python #Coding #CleanCode #SankalanTech #LogicFlow #ProPython",none,,19-03-2026 12:25
80,python-async-await-080.mp4,Python async await Explained Run Tasks Faster | Python Tips,"Stop making your users wait! Learn how to run multiple tasks at once with async and await.
Asynchronous programming is key for building high-speed web apps and API integrations.
Learn how Python handles background tasks without blocking the main program.
We break down the core concepts of the event loop and coroutines in simple steps.
This is an essential skill for modern web developers and automation experts.
Master high-speed Python development today with Sankalan Tech!
#Python #Async #Coding #SankalanTech #HighPerformance #ModernWeb",none,,19-03-2026 12:25
81,python-isidentifier-function-081.mp4,Python isidentifier() Explained Check Valid Variable Names Easily | Python Tips,"Is your string a valid Python variable name? Find out instantly!
The isidentifier() function is perfect for validation in automation scripts and IDE tools.
Learn how to check if a string follows Python's naming rules without manual regex.
Useful for data processing, variable creation, and building dynamic code.
We show you which names pass and which names fail with live examples.
Master your string validation logic today with Sankalan Tech!
#Python #Coding #ProgrammingTips #SankalanTech #StringMethods #Validation",none,,19-03-2026 12:25
82,python-len-function-082.mp4,Python len() Function Explained Get Length Instantly | Python Tips,"Counting manually is a thing of the past. Use the len() function like a pro!
Get the size of strings, lists, dictionaries, and more in a single second.
It is one of the most used functions in all of Python—mastering it is essential.
We show you how it works across different data types and collections.
A core basic for every Python developer to build loops and conditions.
Follow Sankalan Tech for more essential Python basics and beyond!
#Python #Coding #Programming #SankalanTech #LearnPython #CodeEfficiency",none,,19-03-2026 12:25
83,python-range-step-083.mp4,Python range() with Step Explained Control Loops Like a Pro | Python Tips,"Most people use range(10), but did you know you can customize the steps?
Learn how to use the 'step' parameter to skip numbers or loop backwards effortlessly.
This is a powerful trick for slicing data and creating complex number sequences.
We demonstrate how it makes your for-loops much more flexible and smart.
Improve your loop efficiency and logic with this simple, built-in feature.
Learn better Python coding every day only at Sankalan Tech!
#Python #Loops #Coding #SankalanTech #PythonRange #LogicTricks",none,,19-03-2026 12:25
84,python-string-to-list-084.mp4,Convert String to List in Python Easily Using list() | Python Tips,"Breaking a string into individual characters is a common task in Python.
Learn how to use the list() constructor to transform any text into a list of characters.
This is incredibly useful for text analysis, scrambling, and complex algorithms.
We show you how to quickly turn 'Hello' into ['H', 'e', 'l', 'l', 'o'] with one line.
Master the relationship between strings and lists for your next project.
Discover more powerful string transformations with Sankalan Tech!
#Python #Strings #Coding #SankalanTech #DataTransformation #PythonBasics",none,,19-03-2026 12:25
85,python-set-remove-duplicates-085.mp4,Remove Duplicates from List Using set() in Python | Python Tips,"Stop writing loops to clean your data! Use the set() trick instead.
Learn how to instantly remove all duplicate items from a list in a single line of code.
This is the fastest and most efficient way to handle unique data collections.
We explain how sets work and why they are so powerful for data cleaning.
A core productivity hack for anyone working with lists and datasets.
Learn the art of efficient data cleaning with Sankalan Tech!
#Python #DataCleaning #Coding #SankalanTech #PythonSets #Efficiency",none,,19-03-2026 12:25
86,python-tuple-create-086.mp4,Python tuple() Explained Create Immutable Data Easily | Python Tips,"Protect your data from accidental changes by mastering immutable collections.
Learn how to use the tuple() function to create data sets that cannot be modified.
This is essential for creating constants, database keys, and safe configurations.
We explain the benefits of tuples over lists in terms of safety and memory.
Write more reliable and secure code by choosing the right data structures.
Level up your data structure game today with Sankalan Tech!
#Python #DataStructures #Coding #SankalanTech #PythonTuples #ReliableCode",none,,19-03-2026 12:25
87,python-dict-create-087.mp4,Create Dictionary Using dict() in Python Clean Syntax Trick | Python Tips,"Looking for a cleaner way to initialize your dictionaries in Python?
Learn how to use the dict() constructor for a more readable and organized syntax.
This method is perfect for initializing structured data without messy braces.
We show you how it makes your code look more professional and easy to maintain.
A great style tip for anyone looking to improve their Python code quality.
Upgrade your coding style with daily insights from Sankalan Tech!
#Python #Dictionaries #Coding #SankalanTech #CleanCode #StyleGuide",none,,19-03-2026 12:25
88,python-builtins-explore-088.mp4,Explore Python Built-in Functions Using dir() | Python Tips,"Python has a hidden library of tools waiting to be discovered by you!
Learn how to use dir(__builtins__) to see every single default function in Python.
This is a great way to explore hidden gems that you never knew existed.
Become a more knowledgeable and self-reliant developer by knowing your tools.
We show you how to navigate this list and find the documentation for each tool.
Stay curious and explore the depths of Python with Sankalan Tech!
#Python #Learning #Coding #SankalanTech #Discovery #DeveloperTools",none,,19-03-2026 12:25
89,python-main-check-089.mp4,Python __name__ == '__main__' Explained Control Code Execution | Python Tips,"Want to write reusable code that doesn't run automatically when imported?
Master the 'if __name__ == ""__main__""' check to control your script's execution flow.
This is a core best practice for every professional Python project and module.
It allows you to test your scripts safely without affecting other files.
We break down exactly how this variable works under the hood.
Master professional Python conventions and project structure with Sankalan Tech!
#Python #BestPractices #Coding #SankalanTech #ProjectStructure #ProTips",none,,19-03-2026 12:25
90,python-hash-function-090.mp4,Python hash() Function Explained Understand Object Identity | Python Tips,"Discover how Python manages unique identifiers using the hash() function.
Learn why hashing is the secret behind the speed of dictionaries and sets.
We explain what makes an object 'hashable' and how to generate unique IDs for data.
Great for anyone interested in computer science fundamentals and optimization.
Understand the core mechanisms that make Python so fast and efficient.
Join the Sankalan Tech community for deeper insights into Python logic!
#Python #Coding #ComputerScience #SankalanTech #Hashing #Optimization",none,,19-03-2026 12:25
91,python-chr-function-091.mp4,Python chr() Function Explained Convert Numbers to Characters | Python Tips,"Unlock the relationship between numbers and text using the chr() function.
Learn how to convert any integer into its corresponding character or symbol.
This is essential for encoding, decoding, and generating special characters.
We show you how to create the entire alphabet or custom symbols with simple loops.
Master the building blocks of strings and text data in Python.
Learn more creative string manipulation tricks with Sankalan Tech!
#Python #Strings #Coding #SankalanTech #Encoding #TextManipulation",none,,19-03-2026 12:25
92,python-ord-function-092.mp4,Python ord() Function Explained Convert Characters to Numbers | Python Tips,"Reverse the character transformation and learn how characters turn into numbers!
The ord() function gives you the unique ASCII or Unicode value of any character.
This is a vital tool for building encryption scripts, sorting logic, and text analysis.
We demonstrate the syntax and practical use cases for every developer.
Deepen your understanding of how computers handle text at the lowest level.
Explore the logic of Python characters today with Sankalan Tech!
#Python #Programming #Coding #SankalanTech #ASCII #Unicode",none,,19-03-2026 12:25
93,python-format-percentage-093.mp4,Format Percentage in Python Using format() Easily | Python Tips,"Stop doing manual math to display percentages in your reports!
Learn how to use the format() function with the '%' specifier to format numbers instantly.
This built-in Python trick handles multiplication and symbol placement automatically.
It's perfect for data science dashboards, finance apps, and console reports.
Clean up your data presentation and save yourself from rounding errors.
Master professional data formatting with help from Sankalan Tech!
#Python #DataScience #Coding #SankalanTech #DataFormatting #PercentFormat",none,,19-03-2026 12:25
94,python-bin-function-094.mp4,Python bin() Function Explained Convert Numbers to Binary | Python Tips,"Want to see what your numbers look like in the language of computers?
Learn how to use the bin() function to instantly convert integers into binary strings.
This is a fundamental skill for anyone learning bitwise operations or binary logic.
We show you how to read the output and use it for bit-level transformations.
Understand the core of digital data representation in under a minute.
Join Sankalan Tech for more foundational computer science and Python tips!
#Python #Binary #Coding #SankalanTech #ComputerScience #BinaryNumbers",none,,19-03-2026 12:25
95,python-hex-function-095.mp4,Python hex() Function Explained Convert to Hexadecimal Easily | Python Tips,"Master the language of memory addresses and colors with the hex() function.
Learn how to convert decimal integers into hexadecimal format effortlessly.
This is incredibly useful for debugging memory, defining colors, and low-level dev.
We break down the hexadecimal system and show you practical Python examples.
Take the next step toward becoming a more technical and deep-level developer.
Follow Sankalan Tech for more technical and professional Python hacks!
#Python #Hex #Coding #SankalanTech #Hexadecimal #MemoryManagement",none,,19-03-2026 12:25
96,python-oct-function-096.mp4,Python oct() Function Explained Convert to Octal Format | Python Tips,"Did you know that file permissions in Linux often use the octal number system?
Learn how to use the oct() function to convert numbers into base-8 format in Python.
This is an essential niche skill for system administrators and low-level coders.
We show you how to use it for octal conversions and understanding system flags.
Add another base conversion tool to your Python programming utility belt.
Learn specialized Python skills and more with Sankalan Tech!
#Python #Coding #Linux #SankalanTech #OctalSystem #SystemDev",none,,19-03-2026 12:25
97,python-reversed-function-097.mp4,Python reversed() Function Explained Reverse Data Efficiently | Python Tips,"Iterate through your data backwards without creating a messy copy!
The reversed() function creates an efficient iterator that saves memory.
Learn why this is better than standard list slicing ([::-1]) for large datasets.
It keeps your original data intact while giving you full control over the order.
A clean and professional approach to loop management in Python.
Learn how to write high-performance loops only at Sankalan Tech!
#Python #Loops #Coding #SankalanTech #PythonReversed #Performance",none,,19-03-2026 12:25
98,python-sorted-function-098.mp4,Python sorted() Function Explained Sort Data Easily | Python Tips,"Organizing data is the key to good software, and sorted() makes it easy.
Learn how to get a new sorted version of any list without changing the original data.
We explore sorting numbers, strings, and using custom keys for complex logic.
Mastering sorted() is a requirement for data science and general automation.
Write cleaner and more structured data logic with this powerful tool.
Master the art of data organization with help from Sankalan Tech!
#Python #Sorting #Coding #SankalanTech #DataScience #CleanCode",none,,19-03-2026 12:25
99,python-callable-function-099.mp4,Python callable() Function Explained Check If Object is Callable | Python Tips,"Is that object a function or just a variable? Stop guessing and use callable()!
Learn how to dynamically check if an object can be called like a function.
This is a powerful technique for API design, dynamic programming, and decorators.
We show you how it works with built-in functions, custom classes, and more.
A professional-level feature for building flexible and advanced Python systems.
Explore the advanced side of Python with the team at Sankalan Tech!
#Python #AdvancedPython #Coding #SankalanTech #APIDesign #DynamicCode",none,,19-03-2026 12:25
100,python-keyword-check-100.mp4,Check Reserved Keywords in Python Using keyword Module | Python Tips,"Avoid frustrating syntax errors by learning how to check Python's reserved keywords.
The 'keyword' module allows you to verify if a name is safe to use as a variable.
This is an essential trick for writing code generators, automation tools, and linters.
Learn how to keep your variable names valid and your code bug-free.
Professional coding starts with understanding the rules of the language.
Subscribe to Sankalan Tech for more professional-grade Python coding tips!
#Python #Coding #ProgrammingTips #SankalanTech #CleanCode #CodeValidation",none,,19-03-2026 12:25
101,101_Python_List_Comprehension.mp4,Python List Comprehension Explained Write Cleaner Code Faster | Python Tips,"Stop writing long, boring loops to create simple lists!
List comprehension is a pro-level Python feature that lets you build lists in one line.
It's faster, more readable, and used by top developers at companies like Google and Netflix.
In this video, we show you the exact syntax to transform your code today.
Make your Python scripts look elegant and professional with this one trick.
Follow Sankalan Tech for daily tips on writing high-quality, modern Python!
#Python #Coding #PythonTips #CleanCode #SankalanTech #ListComprehension",none,,19-03-2026 12:25
102,102_Python_Zip_Combine_Lists.mp4,Python zip() Function Explained Combine Multiple Lists Easily | Python Tips,"Need to combine names and scores into a single loop? Use the zip() function!
Learn how to merge multiple lists into pairs effortlessly without messy indexes.
This is a core technique for data processing and building cleaner loops.
We demonstrate how to handle lists of different lengths and extract data safely.
A must-know function for anyone working with data structures or automation.
Subscribe to Sankalan Tech for more time-saving Python tricks like this!
#Python #Programming #PythonTips #Data #SankalanTech #ZipFunction",none,,19-03-2026 12:25
103,103_Python_Enumerate_Index.mp4,Python enumerate() Explained Get Index and Value Together | Python Tips,"Manually tracking loop indexes with a counter variable is a common beginner mistake.
Learn how to use the enumerate() function to get both index and value automatically.
This makes your loops much cleaner, prevents 'off-by-one' errors, and looks pro.
We show you how to start the index from any number you choose!
Improve your loop logic and write more reliable Python code today.
Learn smarter coding every day with help from Sankalan Tech!
#Python #Coding #Loops #PythonTips #SankalanTech #Enumerate",none,,19-03-2026 12:25
104,104_Python_String_Join.mp4,Python join() Method Explained Fast String Concatenation | Python Tips,"Concatenating strings using '+' is slow and inefficient in large Python programs.
The .join() method is the professional way to combine a list of strings into one.
Learn how it saves memory and speeds up your code when processing thousands of words.
We demonstrate its power in building CSV strings and formatting user output.
A critical performance tip for anyone working with text data or logging.
Follow Sankalan Tech for more performance hacks to speed up your code!
#Python #Strings #Performance #Coding #SankalanTech #StringJoin",none,,19-03-2026 12:25
105,105_Python_IsInstance_Check.mp4,Python isinstance() Explained Check Data Types Properly | Python Tips,"Professional type checking in Python should almost always use isinstance() instead of type().
Learn why this method is safer, especially when working with class inheritance.
This video explains how to check against multiple types in a single line of code.
A best-practice tip that will save you from major bugs in object-oriented programming.
Write more robust, professional-grade Python with this essential tool.
Level up your software engineering skills with Sankalan Tech!
#Python #Coding #BestPractices #OOP #SankalanTech #SoftwareDev",none,,19-03-2026 12:25
106,106_Python_Swapcase.mp4,Python swapcase() Explained Convert Uppercase to Lowercase Instantly | Python Tips,"Flip your text capitalization instantly with the Python .swapcase() method!
Learn how to turn uppercase to lowercase and vice versa in a single step.
This is a handy trick for text processing, data normalization, and funny text effects.
We show you how it handles symbols and mixed-case strings with ease.
A quick, fun, and useful string method every Python dev should have.
Discover more cool string tricks by following Sankalan Tech today!
#Python #Strings #Coding #PythonTips #SankalanTech #TextFormatting",none,,19-03-2026 12:25
107,107_Python_IsDigit.mp4,Python isdigit() Explained Validate Numbers in Strings Easily | Python Tips,"Don't let your code crash when a user types a letter instead of a number!
Learn how to use the .isdigit() method to validate string input before processing it.
This is a key step in building robust, crash-proof applications and forms.
We show you the difference between digits, decimals, and numeric characters.
Master user input validation and build safer Python programs.
Build reliable apps with more security tips from Sankalan Tech!
#Python #Validation #Coding #PythonTips #SankalanTech #InputValidation",none,,19-03-2026 12:25
108,108_Python_String_Replace.mp4,Python replace() Method Explained Modify Strings Easily | Python Tips,"Editing text data in Python is a breeze with the .replace() method.
Learn how to swap words, remove unwanted characters, or update templates instantly.
This is an essential skill for data cleaning, web scraping, and automation.
We show you how to limit the number of replacements for precise control.
Update your strings like a pro and save hours of manual editing.
Master text automation and data cleaning with Sankalan Tech!
#Python #Strings #DataCleaning #Coding #SankalanTech #Automation",none,,19-03-2026 12:25
109,109_Python_List_Copy.mp4,Python list copy() Explained Avoid Reference Bugs | Python Tips,"Did you know that 'list_b = list_a' doesn't actually copy your list?
It creates a reference, meaning changing one list will ruin both of them!
Learn how to use .copy() to create a real, independent clone of your data.
This is one of the most common sources of bugs for Python beginners.
Protect your data integrity and debug your code like a professional.
Avoid the biggest Python traps with guidance from Sankalan Tech!
#Python #Coding #Debugging #PythonTips #SankalanTech #DataIntegrity",none,,19-03-2026 12:25
110,110_Python_List_Count.mp4,Python count() Method Explained Count Items in List Fast | Python Tips,"Stop writing loops just to count how many times a word appears in a list!
The .count() method is the fastest, built-in way to get occurrences instantly.
This makes your code much faster and easier to read for other developers.
We demonstrate its use with lists and strings for quick data analysis.
A simple but effective productivity booster for every Python project.
Find your data faster with more daily tips from Sankalan Tech!
#Python #Data #Coding #PythonTips #SankalanTech #Efficiency",none,,19-03-2026 12:25
111,111_Python_Iter_Sentinel.mp4,Python iter() with Sentinel Explained Advanced Loop Trick | Python Tips,"Take your looping skills to the advanced level with the 'sentinel' parameter!
Learn how to use the iter() function to process data until a specific stop-value is reached.
This is a powerful technique for reading files, network streams, and user inputs.
We break down this sophisticated trick into easy-to-understand steps.
A professional secret that will make your stream-processing code look amazing.
Master advanced Python looping techniques with Sankalan Tech!
#Python #Advanced #Coding #PythonTips #SankalanTech #StreamProcessing",none,,19-03-2026 12:25
112,112_Python_Shuffle_List.mp4,Python random.shuffle() Explained Shuffle Lists Easily | Python Tips,"Need to randomize your data for a game, a test, or an experiment?
Learn how to use the random.shuffle() function to mix up list elements in place.
This is the easiest way to ensure your data is always fresh and unpredictable.
We show you how to import the module and apply the shuffle to any list.
Perfect for shuffling cards, randomizing quiz questions, or data sampling.
Stay sharp and keep your code exciting with Sankalan Tech!
#Python #Random #Coding #PythonTips #SankalanTech #GameDev",none,,19-03-2026 12:25
113,113_Python_Random_Randint.mp4,Python random.randint() Explained Generate Random Numbers | Python Tips,"Generate random numbers easily with the Python random module! This video explains how to use the randint() function to produce integers within a specific range. It is perfect for game development, simulations, and testing logic. We cover the syntax and provide practical coding examples for beginners. Using random.randint() is a fundamental skill for any Python developer. Elevate your coding logic with these quick tips. #Python #Random #Coding #PythonTips #SankalanTech",none,,19-03-2026 12:25
114,114_Python_Collections_Counter.mp4,Python Counter Explained Count Elements Like a Pro | Python Tips,"Count everything automatically with the Python Collections Counter! This powerful tool helps you find the frequency of elements in a list or string in seconds. It is a game-changer for data analysis and solving algorithmic problems efficiently. Learn how to use most_common() and other built-in methods to handle data like a pro. Avoid manual loops and write cleaner, faster Python code. Ideal for data science enthusiasts and competitive programmers. #Python #DataScience #Coding #PythonTips #SankalanTech",none,,19-03-2026 12:25
115,115_Python_DefaultDict.mp4,Python defaultdict Explained Avoid KeyErrors Easily | Python Tips,Stop worrying about KeyErrors with the Python defaultdict from the collections module! This video shows how to handle missing keys automatically by providing a default value. It makes your dictionary operations much cleaner and safer to execute. We compare standard dictionaries with defaultdict to show you the performance and readability benefits. Perfect for grouping data or building complex nested structures. Learn how to simplify your logic and write more robust Python scripts. #Python #Coding #Dictionaries #PythonTips #SankalanTech,none,,19-03-2026 12:25
116,116_Python_Deque_DataStructure.mp4,Python deque Explained Fast Queue and Stack Operations | Python Tips,Need high-performance data handling? Use Python deque for fast insertions and deletions! The deque (double-ended queue) is part of the collections module and is optimized for speed. It outperforms standard lists when adding or removing items from both ends. This tutorial explains when to use deque over a list for stacks and queues. Master this essential data structure to optimize your Python applications. Improve your memory management and execution time today. #Python #DataStructures #Coding #PythonTips #SankalanTech,none,,19-03-2026 12:25
117,117_Python_Map_Function.mp4,Python map() Explained Apply Functions Faster | Python Tips,"Apply functions to all elements of an iterable instantly using the Python map() function! This video covers how to write clean, functional Python code without using explicit for-loops. We demonstrate how map() works with both built-in and lambda functions for maximum flexibility. It is a great way to transform data quickly and efficiently in your projects. Learn the syntax and see real-world examples of map() in action. Perfect for developers looking to write more concise and pythonic code. #Python #FunctionalProgramming #Coding #SankalanTech",none,,19-03-2026 12:25
118,118_Python_Filter_Function.mp4,Python filter() Explained Extract Data Easily | Python Tips,"Filter data like a pro using the built-in Python filter() function! This tutorial teaches you how to extract specific elements from a list based on a condition. We use practical examples to show how filter() simplifies your logic compared to traditional loops. Combine it with lambda functions to create powerful, one-line data processing scripts. It is an essential tool for data cleaning and functional programming in Python. Learn how to keep only the data you need with this efficient method. #Python #Data #Coding #PythonTips #SankalanTech",none,,19-03-2026 12:25
119,119_Python_Any_Function.mp4,Python any() Explained Check Conditions Quickly | Python Tips,"Check if any value in an iterable is true using the Python any() function! This video explains how any() works and why it is perfect for quick logic validations. Instead of writing multiple 'if' statements, use this built-in function to simplify your boolean checks. We show how it handles lists, tuples, and generators for efficient coding. This is a must-know trick for cleaning up your conditional logic in Python. See how any() can make your code more readable and professional. #Python #Logic #Coding #PythonTips #SankalanTech",none,,19-03-2026 12:25
120,120_Python_All_Function.mp4,Python all() Explained Validate All Conditions Easily | Python Tips,"Ensure every single value in a collection meets a condition using the Python all() function! This tutorial demonstrates how to perform bulk validation with just one line of code. We explain the difference between all() and any() with clear, practical examples. It is the best way to verify data integrity before processing it in your scripts. Learn how to use it with list comprehensions for even more power. Improve your Python logic and write safer, more reliable applications. #Python #Logic #Coding #PythonTips #SankalanTech",none,,19-03-2026 12:25
121,121_Python_Sum_Function.mp4,Python sum() Explained Add Numbers Instantly | Python Tips,"Stop using manual loops for addition and start using the Python sum() function! This video explains how to calculate totals across lists, tuples, and sets instantly. We also dive into the 'start' parameter to show how you can add to an existing value. It is a fundamental built-in function that every Python programmer should master for efficiency. Clean up your math-heavy code and make it more readable for others. Follow along for quick tips and common use cases for sum(). #Python #Math #Coding #PythonTips #SankalanTech",none,,19-03-2026 12:25
122,122_Python_Sorted_Key.mp4,Python sorted() with key Explained Custom Sorting Made Easy | Python Tips,"Sort your data smarter using the Python sorted() function with the 'key' parameter! This video teaches you how to customize sorting logic beyond simple numerical or alphabetical order. Learn how to sort strings by length, dictionaries by values, or complex objects by specific attributes. The key parameter is a powerful tool for data organization and custom algorithms. We provide clear code snippets to help you master flexible sorting in Python. Take control of your data structures with this advanced sorting technique. #Python #Sorting #Coding #PythonTips #SankalanTech",none,,19-03-2026 12:25
123,123_Python_Reverse_Slicing.mp4,Python Reverse Slicing Explained Reverse Data in One Line | Python Tips,"Reverse any sequence instantly using the Python slicing trick [::-1]! This video shows you how to flip strings, lists, and tuples in a single line of code. There is no need for complex loops or the reversed() function when you can use slicing. It is a simple yet powerful Python trick that makes your code look more professional. We explain the step, start, and stop logic behind this unique syntax. Master one of Python’s most famous and useful shorthand methods today. #Python #Coding #PythonTricks #SankalanTech",none,,19-03-2026 12:25
124,124_Python_Dict_Merge.mp4,Python Merge Dictionaries Explained Using | Operator | Python Tips,Merge dictionaries effortlessly in Python 3.9+ using the modern | (pipe) operator! This tutorial explains the newest and cleanest way to combine two or more dictionaries. We also cover the |= update operator for in-place merging and compare it to older methods. It is a must-know update for anyone writing modern Python code today. Learn how to handle overlapping keys and maintain data structure integrity. Simplify your dictionary management with this simple and readable syntax. #Python #Dictionaries #Coding #PythonTips #SankalanTech,none,,19-03-2026 12:25
125,125_Python_Max_Key.mp4,Python max() with key Explained Find Maximum Smartly | Python Tips,"Find the maximum value with custom logic using the Python max() function and the key parameter! This video goes beyond basic numbers and shows you how to find the longest string or the largest object. Learn how to use lambda functions as a key to extract the 'max' based on specific criteria. It is an essential skill for data analysis and algorithm optimization in Python. We provide clear, real-world examples to help you understand the versatility of max(). Elevate your logic and write smarter Python code today. #Python #Logic #Coding #PythonTips #SankalanTech",none,,19-03-2026 12:25
126,126_Python_Min_Key.mp4,Python min() with key Explained Find Smallest Value Smartly | Python Tips,"Find the smallest item in any collection using the Python min() function with the key parameter! This tutorial explains how to apply custom logic to find the shortest word or lowest value in complex data. Using the key parameter allows for much more flexibility than standard comparisons. We show you how to use it effectively with lists of dictionaries and custom objects. It’s a great way to write clean, efficient, and highly readable Python code. Learn smarter coding techniques with the experts at Sankalan Tech! #Python #Coding #PythonTips #Data #SankalanTech",none,,19-03-2026 12:25
127,127_Python_FStrings.mp4,Python f-Strings Explained Format Strings Faster and Cleaner | Python Tips,"Format strings like a pro using Python f-strings! Introduced in Python 3.6, f-strings are the fastest and most readable way to insert variables into strings. This video covers everything from basic variable insertion to inline expressions and number formatting. Learn why f-strings are superior to .format() and %-style formatting in terms of performance. We provide practical examples to make your code look cleaner and more modern. Improve your Python string manipulation skills with this essential tutorial. #Python #Coding #PythonTips #CleanCode #SankalanTech",none,,19-03-2026 12:25
128,128_Python_Pretty_Print.mp4,Python pprint Explained Print Data Structures Clearly | Python Tips,"Make your console output readable with the Python pprint (Pretty Print) module! If you are tired of messy, single-line outputs for complex dictionaries and lists, this video is for you. Learn how to use pprint to automatically format and indent your data structures for easier debugging. We show you how to control the indentation, width, and depth of the printed output. It is a life-saver for developers working with large JSON files or nested data. Stop squinting at your terminal and start pretty printing today. #Python #Debugging #Coding #PythonTips #SankalanTech",none,,19-03-2026 12:25
129,129_Python_Pathlib_Module.mp4,Python pathlib Explained Handle File Paths Easily Cross Platform | Python Tips,"Handle file paths the modern way with the Python pathlib module! This tutorial teaches you how to manage directories and files using an object-oriented approach. Say goodbye to messy os.path strings and enjoy clean, cross-platform code that works on Windows, Linux, and Mac. We cover how to join paths, check if files exist, and read/write file data easily. Pathlib makes your code more readable and less prone to errors during automation tasks. Upgrade your file handling skills with this powerful Python library. #Python #Files #Automation #Coding #SankalanTech",none,,19-03-2026 12:25
130,130_Python_Timeit_Speed.mp4,Python timeit Explained Measure Code Performance Accurately | Python Tips,Stop guessing which code is faster and start measuring with the Python timeit module! This video explains how to accurately time small snippets of Python code to optimize performance. We show you how to use timeit in both the script mode and the command-line interface. Avoid common benchmarking pitfalls and get precise execution times for your functions. It is an essential tool for any developer looking to write high-performance Python applications. Master the art of code optimization with this simple yet effective tutorial. #Python #Performance #Coding #PythonTips #SankalanTech,none,,19-03-2026 12:25
131,131_Python_Dataclasses.mp4,Python dataclasses Explained Write Less Boilerplate Code | Python Tips,"Write less code and do more with Python dataclasses! This video shows you how to use the @dataclass decorator to auto-generate __init__, __repr__, and other methods. Stop writing repetitive boilerplate code for your classes and keep your project clean and efficient. We explain how to handle default values, type hints, and immutable data with frozen dataclasses. It is a modern Python feature that every object-oriented programmer should know. Simplify your data structures and improve code maintainability today. #Python #OOP #CleanCode #Coding #SankalanTech",none,,19-03-2026 12:25
132,132_Python_NamedTuple.mp4,Python namedtuple Explained Lightweight Data Structures | Python Tips,"Create lightweight, readable data structures with the Python namedtuple from the collections module! This tutorial explains how to use namedtuples to give names to your tuple indices, making your code more self-documenting. It is a great alternative to full classes when you only need to store simple data objects. Learn how namedtuples offer better memory efficiency and immutability. We provide examples of how to define, use, and access fields by name or index. Enhance your data handling skills with this versatile Python feature. #Python #DataStructures #Coding #PythonTips #SankalanTech",none,,19-03-2026 12:25
133,133_Python_LRU_Cache.mp4,Python lru_cache Explained Speed Up Functions Instantly | Python Tips,"Boost your function performance instantly with the Python lru_cache decorator from functools! This video teaches you how to use memoization to store the results of expensive function calls. By avoiding recomputation for the same inputs, you can drastically speed up your Python scripts. We demonstrate how to apply lru_cache to recursive functions and data-heavy tasks. Learn how to manage the cache size to balance speed and memory usage. It is one of the easiest ways to optimize your Python code with just one line. #Python #Performance #Coding #PythonTips #SankalanTech",none,,19-03-2026 12:25
134,134_Python_Itertools_Count.mp4,Python itertools.count Explained Generate Infinite Sequences | Python Tips,"Generate numbers endlessly with the Python itertools.count() function! This tutorial explains how to create infinite arithmetic sequences for use in loops, simulations, and data processing. We cover how to customize the starting point and the step size of your counters. It is a memory-efficient way to handle large iterations without creating massive lists. Learn how to combine it with other itertools for powerful functional programming patterns. Master the art of sequence generation with this essential Python tool. #Python #Algorithms #Coding #PythonTips #SankalanTech",none,,19-03-2026 12:25
135,135_Python_Permutations.mp4,Python itertools.permutations Explained Generate All Arrangements | Python Tips,"Find all possible arrangements of a collection with Python itertools.permutations! This video explains how to generate every unique ordering of elements in a list or string. It is a vital tool for solving logic puzzles, mathematical problems, and competitive programming challenges. We show you how to specify the length of the permutations and how the output is structured. Learn how to automate complex arrangements without writing nested loops. This is a must-have function in your algorithmic toolkit for Python. #Python #Algorithms #Coding #PythonTips #SankalanTech",none,,19-03-2026 12:25
136,136_Python_Combinations.mp4,Python itertools.combinations Explained Generate Unique Groups | Python Tips,"Generate unique groups without repetition using the Python itertools.combinations function! This tutorial teaches you how to pick subsets of elements from a list where the order doesn't matter. It is incredibly useful for probability calculations, data analysis, and mathematical modeling. We demonstrate the difference between combinations and permutations with clear, easy-to-follow examples. Learn how to handle large datasets efficiently using this iterator-based approach. Improve your logic and math skills with this powerful Python coding tip. #Python #Math #Coding #PythonTips #SankalanTech",none,,19-03-2026 12:25
137,137_Python_Math_Factorial.mp4,Python math.factorial Explained Calculate Factorials Instantly | Python Tips,"Skip manual recursion and calculate factorials instantly with the Python math.factorial() function! This video shows how to use the math module to get accurate results for large numbers without the risk of recursion errors. We explain why the built-in function is faster and more reliable than writing your own loop. It is a fundamental tool for anyone working with statistics, probability, or combinatorics. Learn how to handle large integer outputs efficiently in your Python projects. Perfect for students and developers interested in math-based programming. #Python #Math #Coding #PythonTips #SankalanTech",none,,19-03-2026 12:25
138,138_Python_Sqrt_Function.mp4,Python math.sqrt Explained Find Square Root Easily | Python Tips,"Find square roots instantly using the Python math.sqrt() function! This tutorial covers the basics of using the math module to perform accurate floating-point square root calculations. We compare math.sqrt() with the power operator (**) and explain the performance differences. Learn how to handle basic math operations cleanly in your Python scripts. It is an essential function for geometry, physics simulations, and general data science. Follow along for quick tips on how to integrate math functions into your daily coding tasks. #Python #Math #Coding #PythonTips #SankalanTech",none,,19-03-2026 12:25
139,139_Python_Statistics_Mean.mp4,Python statistics.mean Explained Calculate Average Easily | Python Tips,"Calculate averages easily and accurately with the Python statistics.mean() function! This video demonstrates how to use the statistics module to analyze data without writing manual summation loops. It is perfect for quick data analysis, academic projects, and financial reporting. We show how it handles different types of numeric data, including integers and floats. Learn a cleaner way to process lists of numbers and get the arithmetic mean instantly. This is a great starting point for anyone entering the world of Python data science. #Python #DataAnalysis #Coding #PythonTips #SankalanTech",none,,19-03-2026 12:25
140,140_Python_JSON_Loads.mp4,Python json.loads Explained Convert JSON to Dictionary | Python Tips,"Work with APIs and external data easily using the Python json.loads() function! This video explains how to convert JSON strings into Python dictionaries in just one line. It is a critical skill for web development, data scraping, and interacting with REST APIs. We cover common errors and show you how to handle nested JSON structures with ease. Learn how to parse data and make it usable for your Python applications. Master the bridge between web data and Python logic with this essential tutorial. #Python #APIs #Coding #PythonTips #SankalanTech",none,,19-03-2026 12:25
141,141_Python_Environment_Variables.mp4,Python Environment Variables Explained Secure Your Secrets | Python Tips,"Keep your API keys and passwords safe with Python environment variables! This tutorial shows you how to use the os.environ module to manage sensitive information securely. Never hardcode your secrets in your source code again; learn the best practices for professional security. We explain how to set, get, and store variables across different operating systems. This is a must-watch for anyone building real-world apps or deploying code to servers. Protect your project and maintain high security standards with this simple method. #Python #Security #Coding #PythonTips #SankalanTech",none,,19-03-2026 12:25
142,142_Python_Platform_System.mp4,Python platform.system Explained Detect Operating System | Python Tips,"Detect your operating system easily with the Python platform.system() function! This video explains how to write cross-platform code that adapts to Windows, Linux, or macOS. Learn how to trigger specific actions based on the user's OS, which is vital for automation and desktop apps. We provide simple examples to help you identify system details in seconds. Path handling and command execution become much easier once you know your environment. Enhance your Python automation scripts with this handy platform detection trick. #Python #Automation #Coding #PythonTips #SankalanTech",none,,19-03-2026 12:25
143,143_Python_UUID_Generator.mp4,Python uuid Explained Generate Unique IDs Easily | Python Tips,"Generate globally unique identifiers with the Python uuid module! This tutorial teaches you how to create secure and unique IDs for database keys, session tokens, or filenames. We cover the different versions of UUIDs, including UUID4 for random generation. It is a critical tool for backend development to ensure no two records ever share the same ID. Learn how to format and use these identifiers in your Python applications. Stop using simple integers and start using secure UUIDs for your project data. #Python #Backend #Coding #PythonTips #SankalanTech",none,,19-03-2026 12:25
144,144_Python_Secrets_Module.mp4,Python secrets Module Explained Generate Secure Tokens | Python Tips,"Generate cryptographically strong random numbers and tokens using the Python secrets module! This video explains why you should use 'secrets' instead of 'random' for passwords and security-sensitive data. Learn how to create secure tokens for password resets, authentication keys, and hex strings. We cover the most important functions for maintaining high-level security in your apps. It is an essential tutorial for any developer building login systems or handling user data. Stay safe and code securely with this powerful Python module. #Python #Security #Coding #PythonTips #SankalanTech",none,,19-03-2026 12:25
145,145_Python_Command_Line_Args.mp4,Python sys.argv Explained Command Line Arguments Easily | Python Tips,"Build professional CLI tools by mastering Python sys.argv! This tutorial explains how to accept inputs directly from the terminal to automate your tasks. We show you how to parse arguments and use them to control the behavior of your Python scripts. It is a foundational skill for DevOps, automation, and data processing workflows. Learn the basics of command-line interaction and make your scripts more interactive and flexible. Start building powerful tools that run efficiently from any terminal or shell. #Python #CLI #Automation #Coding #SankalanTech",none,,19-03-2026 12:25
146,146_Python_Garbage_Collector.mp4,Python gc Module Explained Manage Memory Efficiently | Python Tips,Optimize your application's memory usage with the Python gc (Garbage Collector) module! This video dives into how Python manages memory and how you can take manual control when needed. Learn how to track uncollected objects and force garbage collection to free up valuable resources. We explain the basics of reference counting and generational garbage collection in simple terms. It is a vital tutorial for developers working on long-running or memory-intensive applications. Improve your software performance and avoid memory leaks with these expert tips. #Python #Performance #Coding #PythonTips #SankalanTech,none,,19-03-2026 12:25
147,147_Python_Threading_Module.mp4,Python threading Explained Run Tasks in Parallel | Python Tips,"Run multiple tasks simultaneously using the Python threading module! This tutorial teaches you how to improve the responsiveness of your applications by executing I/O-bound tasks in parallel. Learn how to create, start, and join threads to handle background operations like file downloads or API calls. We explain the concept of concurrency and how it differs from true parallelism. This is a key skill for building smooth user interfaces and efficient network tools. Master the basics of multithreading and take your Python apps to the next level. #Python #Multithreading #Coding #PythonTips #SankalanTech",none,,19-03-2026 12:25
148,148_Python_Multiprocessing.mp4,Python multiprocessing Explained Use Multiple CPU Cores | Python Tips,Harness the full power of your CPU using the Python multiprocessing module! This video explains how to bypass the Global Interpreter Lock (GIL) and run heavy tasks across multiple cores. Learn the difference between threading and multiprocessing and when to choose one over the other. We provide a step-by-step guide to creating processes for CPU-bound tasks like data processing and math. Improve your code execution speed for intensive workloads significantly. This is an essential guide for high-performance Python programming and data science. #Python #Performance #Coding #PythonTips #SankalanTech,none,,19-03-2026 12:25
149,149_Python_Async_Await.mp4,Python async await Explained Write Non Blocking Code | Python Tips,"Write non-blocking, asynchronous code with Python async and await! This tutorial introduces you to the world of asyncio and explains how to handle thousands of concurrent tasks efficiently. Learn how to keep your applications responsive while waiting for network responses or file operations. We show you how to define async functions and run an event loop for modern web development. It is the gold standard for building high-performance web servers and real-time applications. Master asynchronous programming and modernize your Python coding skills today. #Python #Async #Coding #PythonTips #SankalanTech",none,,19-03-2026 12:25
150,150_Python_Slots_Memory.mp4,Python __slots__ Explained Reduce Memory Usage in Classes | Python Tips,Save massive amounts of memory in your Python classes using the __slots__ magic attribute! This video explains how __slots__ prevents the creation of a default dictionary for each object instance. Learn how to speed up attribute access and optimize your code for high-performance data handling. It is a pro-level trick for when you need to create millions of objects without crashing your system. We compare memory usage before and after using slots with practical code evidence. Elevate your object-oriented programming and write highly efficient Python code. #Python #OOP #Performance #Coding #SankalanTech,none,,19-03-2026 12:25
